{
    "cameraSettingsPresets": [
        {
            "xPositionL": 0,
            "xPositionP": 0,
            "xOffsetL": 0,
            "exposureDurationL": 0.001783986110240221,
            "xOffsetP": 0,
            "yPositionL": 0,
            "whiteBalanceTintL": 8.260461807251,
            "image": "LaptopIcon",
            "yPositionP": 0,
            "zoomP": 1,
            "focusP": 0.81568628549576,
            "presetDescription": "Laptop",
            "exposureISOP": 22.0,
            "whiteBalanceTemperatureP": 6170.7456054688,
            "id": 0,
            "exposureDurationP": 0.001783986110240221,
            "lensL": "wide",
            "whiteBalanceTintP": 21.697744369507,
            "exposureISOL": 22.0,
            "yOffsetL": 0,
            "yOffsetP": 0,
            "whiteBalanceTemperatureL": 5600.546875,
            "lensP": "wide",
            "focusL": 0.82745099067688,
            "zoomL": 1,
        },
        {
            "xPositionL": 0,
            "xPositionP": 232,
            "xOffsetL": 0,
            "exposureDurationL": 0.001783986110240221,
            "xOffsetP": 0,
            "yPositionL": 125,
            "whiteBalanceTintL": 8.7544269561768,
            "image": "iPhoneIcon",
            "yPositionP": 299,
            "zoomP": 2.0018451213837,
            "focusP": 0.81568628549576,
            "presetDescription": "iPhone",
            "exposureISOP": 154.0,
            "whiteBalanceTemperatureP": 5721.5092773438,
            "id": 1,
            "exposureDurationP": 0.001783986110240221,
            "lensL": "wide",
            "whiteBalanceTintP": 12.567873954773,
            "exposureISOL": 154.0,
            "yOffsetL": 0,
            "yOffsetP": 0,
            "whiteBalanceTemperatureL": 5472.0576171875,
            "lensP": "telephoto",
            "focusL": 0.81568628549576,
            "zoomL": 1.83,
        },
        {
            "xPositionL": 0,
            "xPositionP": 235,
            "xOffsetL": 0,
            "exposureDurationL": 0.001783986110240221,
            "xOffsetP": 0,
            "yPositionL": 114,
            "whiteBalanceTintL": 10.887938499451,
            "image": "iPhonePlusIcon",
            "yPositionP": 288,
            "zoomP": 1.9868577718735,
            "focusP": 0.81176471710205,
            "presetDescription": "iPhonePlus",
            "exposureISOP": 154.0,
            "whiteBalanceTemperatureP": 5572.6557617188,
            "id": 2,
            "exposureDurationP": 0.001783986110240221,
            "lensL": "wide",
            "whiteBalanceTintP": 22.293230056763,
            "exposureISOL": 154.0,
            "yOffsetL": 0,
            "yOffsetP": 0,
            "whiteBalanceTemperatureL": 5630.4267578125,
            "lensP": "telephoto",
            "focusL": 0.81960785388947,
            "zoomL": 1.4257892370224,
        },
        {
            "xPositionL": 5.3333334922791,
            "xPositionP": 203,
            "xOffsetL": 0,
            "exposureDurationL": 0.001783986110240221,
            "xOffsetP": 0,
            "yPositionL": 111.33333587646,
            "whiteBalanceTintL": 8.5876379013062,
            "image": "DualIcon",
            "yPositionP": 155.66667175293,
            "zoomP": 1.5294473171234,
            "focusP": 0.83529412746429,
            "presetDescription": "Dual",
            "exposureISOP": 154.0,
            "whiteBalanceTemperatureP": 5531.71875,
            "id": 3,
            "exposureDurationP": 0.001783986110240221,
            "lensL": "wide",
            "whiteBalanceTintP": 8.2405071258545,
            "exposureISOL": 154.0,
            "yOffsetL": 0,
            "yOffsetP": 0,
            "whiteBalanceTemperatureL": 5467.2143554688,
            "lensP": "wide",
            "focusL": 0.83137255907059,
            "zoomL": 1.4120880365372,
        },
        {
            "xPositionL": 337.66665649414,
            "xPositionP": 184.66667175293,
            "xOffsetL": 0,
            "exposureDurationL": 0.001783986110240221,
            "xOffsetP": 0,
            "yPositionL": 446.33334350586,
            "whiteBalanceTintL": 7.7468523979187,
            "image": "WatchIcon",
            "yPositionP": 53.333332061768,
            "zoomP": 1.4460269212723,
            "focusP": 0.81568628549576,
            "presetDescription": "Watch",
            "exposureISOP": 154.0,
            "whiteBalanceTemperatureP": 5511.0629882812,
            "id": 4,
            "exposureDurationP": 0.001783986110240221,
            "lensL": "wide",
            "whiteBalanceTintP": 8.6813364028931,
            "exposureISOL": 154.0,
            "yOffsetL": 0,
            "yOffsetP": 0,
            "whiteBalanceTemperatureL": 5448.59375,
            "lensP": "wide",
            "focusL": 0.81568628549576,
            "zoomL": 2.7030811309814,
        },
        {
            "xPositionL": 10.333333015442,
            "xPositionP": 0,
            "xOffsetL": 0,
            "exposureDurationL": 0.001783986110240221,
            "xOffsetP": 0,
            "yPositionL": 26,
            "whiteBalanceTintL": 17.601449966431,
            "image": "iPad10LandscapeIcon",
            "yPositionP": 0,
            "zoomP": 1,
            "focusP": 0.82745099067688,
            "presetDescription": "iPad10Landscape",
            "exposureISOP": 154.0,
            "whiteBalanceTemperatureP": 5538.7319335938,
            "id": 5,
            "exposureDurationP": 0.001783986110240221,
            "lensL": "wide",
            "whiteBalanceTintP": 21.000974655151,
            "exposureISOL": 154.0,
            "yOffsetL": 0,
            "yOffsetP": 0,
            "whiteBalanceTemperatureL": 5904.8969726562,
            "lensP": "wide",
            "focusL": 0.81960785388947,
            "zoomL": 1.131441950798,
        },
        {
            "xPositionL": 0,
            "xPositionP": 76.333335876465,
            "xOffsetL": 0,
            "exposureDurationL": 0.001783986110240221,
            "xOffsetP": 0,
            "yPositionL": 0,
            "whiteBalanceTintL": 19.244857788086,
            "image": "iPad10PortraitIcon",
            "yPositionP": 3.6666667461395,
            "zoomP": 1.2201905250549,
            "focusP": 0.839215695858,
            "presetDescription": "iPad10Portrait",
            "exposureISOP": 154.0,
            "whiteBalanceTemperatureP": 5574.8935546875,
            "id": 6,
            "exposureDurationP": 0.001783986110240221,
            "lensL": "wide",
            "whiteBalanceTintP": 21.028043746948,
            "exposureISOL": 154.0,
            "yOffsetL": 0,
            "yOffsetP": 0,
            "whiteBalanceTemperatureL": 5851.0883789062,
            "lensP": "wide",
            "focusL": 0.80784314870834,
            "zoomL": 1,
        },
        {
            "xPositionL": 0,
            "xPositionP": 34,
            "xOffsetL": 0,
            "exposureDurationL": 0.001783986110240221,
            "xOffsetP": 0,
            "yPositionL": 35,
            "whiteBalanceTintL": 12.842723846436,
            "image": "iPad13LandScapeIcon",
            "yPositionP": 62.333332061768,
            "zoomP": 1.1886806488037,
            "focusP": 0.839215695858,
            "presetDescription": "iPad13LandScape",
            "exposureISOP": 154.0,
            "whiteBalanceTemperatureP": 5575.9545898438,
            "id": 7,
            "exposureDurationP": 0.001783986110240221,
            "lensL": "wide",
            "whiteBalanceTintP": 21.02710723877,
            "exposureISOL": 154.0,
            "yOffsetL": 0,
            "yOffsetP": 0,
            "whiteBalanceTemperatureL": 6019.4321289062,
            "lensP": "wide",
            "focusL": 0.82745099067688,
            "zoomL": 1.1605647802353,
        },
        {
            "xPositionL": 0,
            "xPositionP": 72,
            "xOffsetL": 0,
            "exposureDurationL": 0.001783986110240221,
            "xOffsetP": 0,
            "yPositionL": 0,